{
	"class_name" : "PinholeCameraParameters",
	"extrinsic" : 
	[
		0.88194963804952786,
		0.00069427871948179564,
		-0.47134313819272522,
		0.0,
		-0.0014050259159237842,
		-0.9999905998377252,
		-0.0041019676207905325,
		0.0,
		-0.47134155539956624,
		0.0042799781829007174,
		-0.88194037210021825,
		0.0,
		7.366319986653254,
		1.9378964911872987,
		34.02004971929999,
		1.0
	],
	"intrinsic" : 
	{
		"height" : 1782,
		"intrinsic_matrix" : 
		[
			1543.2572695438701,
			0.0,
			0.0,
			0.0,
			1543.2572695438701,
			0.0,
			1444.5,
			890.5,
			1.0
		],
		"width" : 2890
	},
	"version_major" : 1,
	"version_minor" : 0
}